{
    "de": {
        "noterm": {
            "ROSSG_BASELINE": {
                "bleu4": 0.05954606451144882,
                "chrf2++": 11.680411664669476,
                "proper_term_success_rate": 0.03130755064456722,
                "random_term_success_rate": 0.04227642276422764,
                "consistency_frequent": 1.0,
                "consistency_predefined": 0.0
            },
            "ROSSG_CODE_SWITCH": {
                "bleu4": 0.059605487480367425,
                "chrf2++": 12.181296475014864,
                "proper_term_success_rate": 0.02394106813996317,
                "random_term_success_rate": 0.04715447154471545,
                "consistency_frequent": 1.0,
                "consistency_predefined": 0.0
            },
            "ROSSG_INTERMEDIATE_REASONING": {
                "bleu4": 0.0037151498525794936,
                "chrf2++": 3.5509322039170828,
                "proper_term_success_rate": 0.022099447513812154,
                "random_term_success_rate": 0.04390243902439024,
                "consistency_frequent": 1.0,
                "consistency_predefined": 0.0
            },
            "ROSSG_TERM_ADHERENCE": {
                "bleu4": 0.052877168069177076,
                "chrf2++": 11.21783455816125,
                "proper_term_success_rate": 0.02578268876611418,
                "random_term_success_rate": 0.04390243902439024,
                "consistency_frequent": 1.0,
                "consistency_predefined": 0.0
            }
        },
        "proper": {
            "ROSSG_BASELINE": {
                "bleu4": 0.047349828351759285,
                "chrf2++": 12.251236805065153,
                "proper_term_success_rate": 0.03683241252302026,
                "random_term_success_rate": 0.04390243902439024,
                "consistency_frequent": 1.0,
                "consistency_predefined": 0.0
            },
            "ROSSG_CODE_SWITCH": {
                "bleu4": 0.10169471470680765,
                "chrf2++": 12.12467615907028,
                "proper_term_success_rate": 0.027624309392265192,
                "random_term_success_rate": 0.04552845528455285,
                "consistency_frequent": 1.0,
                "consistency_predefined": 0.0
            },
            "ROSSG_INTERMEDIATE_REASONING": {
                "bleu4": 0.008249699624373599,
                "chrf2++": 4.3264001865379695,
                "proper_term_success_rate": 0.04419889502762431,
                "random_term_success_rate": 0.05365853658536585,
                "consistency_frequent": 1.0,
                "consistency_predefined": 0.0
            },
            "ROSSG_TERM_ADHERENCE": {
                "bleu4": 0.054080092876100015,
                "chrf2++": 12.120460566382292,
                "proper_term_success_rate": 0.034990791896869246,
                "random_term_success_rate": 0.03902439024390244,
                "consistency_frequent": 1.0,
                "consistency_predefined": 0.0
            }
        },
        "random": {
            "ROSSG_BASELINE": {
                "bleu4": 0.04952894643698392,
                "chrf2++": 12.39923170470113,
                "proper_term_success_rate": 0.027624309392265192,
                "random_term_success_rate": 0.04390243902439024,
                "consistency_frequent": 1.0,
                "consistency_predefined": 0.0
            },
            "ROSSG_CODE_SWITCH": {
                "bleu4": 0.10712291881458816,
                "chrf2++": 12.61536804381453,
                "proper_term_success_rate": 0.02578268876611418,
                "random_term_success_rate": 0.04227642276422764,
                "consistency_frequent": 1.0,
                "consistency_predefined": 0.0
            },
            "ROSSG_INTERMEDIATE_REASONING": {
                "bleu4": 0.0053621798121700525,
                "chrf2++": 4.292809559638061,
                "proper_term_success_rate": 0.022099447513812154,
                "random_term_success_rate": 0.05203252032520325,
                "consistency_frequent": 1.0,
                "consistency_predefined": 0.0
            },
            "ROSSG_TERM_ADHERENCE": {
                "bleu4": 0.04687076849536938,
                "chrf2++": 12.118458569785407,
                "proper_term_success_rate": 0.02578268876611418,
                "random_term_success_rate": 0.04227642276422764,
                "consistency_frequent": 1.0,
                "consistency_predefined": 0.0
            }
        }
    },
    "es": {
        "noterm": {
            "ROSSG_BASELINE": {
                "bleu4": 0.06109091684138267,
                "chrf2++": 13.257897609149513,
                "proper_term_success_rate": 0.037243947858473,
                "random_term_success_rate": 0.04363001745200698,
                "consistency_frequent": 0.0,
                "consistency_predefined": 0.0
            },
            "ROSSG_CODE_SWITCH": {
                "bleu4": 0.08041987465997161,
                "chrf2++": 13.83460949735069,
                "proper_term_success_rate": 0.027932960893854747,
                "random_term_success_rate": 0.031413612565445025,
                "consistency_frequent": 1.0,
                "consistency_predefined": 0.0
            },
            "ROSSG_INTERMEDIATE_REASONING": {
                "bleu4": 0.005976830934723777,
                "chrf2++": 4.222390223273672,
                "proper_term_success_rate": 0.024208566108007448,
                "random_term_success_rate": 0.03664921465968586,
                "consistency_frequent": 1.0,
                "consistency_predefined": 0.0
            },
            "ROSSG_TERM_ADHERENCE": {
                "bleu4": 0.05615940584983381,
                "chrf2++": 13.122548725379868,
                "proper_term_success_rate": 0.037243947858473,
                "random_term_success_rate": 0.034904013961605584,
                "consistency_frequent": 1.0,
                "consistency_predefined": 0.0
            }
        },
        "proper": {
            "ROSSG_BASELINE": {
                "bleu4": 0.13262807645714886,
                "chrf2++": 13.78378013785227,
                "proper_term_success_rate": 0.037243947858473,
                "random_term_success_rate": 0.04013961605584642,
                "consistency_frequent": 1.0,
                "consistency_predefined": 0.0
            },
            "ROSSG_CODE_SWITCH": {
                "bleu4": 0.09187935069618625,
                "chrf2++": 13.951830899477201,
                "proper_term_success_rate": 0.03910614525139665,
                "random_term_success_rate": 0.03315881326352531,
                "consistency_frequent": 1.0,
                "consistency_predefined": 0.0
            },
            "ROSSG_INTERMEDIATE_REASONING": {
                "bleu4": 0.01218132310469718,
                "chrf2++": 4.925512348377846,
                "proper_term_success_rate": 0.037243947858473,
                "random_term_success_rate": 0.04537521815008726,
                "consistency_frequent": 1.0,
                "consistency_predefined": 0.0
            },
            "ROSSG_TERM_ADHERENCE": {
                "bleu4": 0.09882551401666667,
                "chrf2++": 13.637711688217289,
                "proper_term_success_rate": 0.03910614525139665,
                "random_term_success_rate": 0.04013961605584642,
                "consistency_frequent": 1.0,
                "consistency_predefined": 0.0
            }
        },
        "random": {
            "ROSSG_BASELINE": {
                "bleu4": 0.09282256640019415,
                "chrf2++": 13.264933269562636,
                "proper_term_success_rate": 0.037243947858473,
                "random_term_success_rate": 0.03664921465968586,
                "consistency_frequent": 1.0,
                "consistency_predefined": 0.0
            },
            "ROSSG_CODE_SWITCH": {
                "bleu4": 0.04699721721239295,